"Date ","series ","OPEN ","HIGH ","LOW ","PREV. CLOSE ","ltp ","close ","vwap ","52W H ","52W L ","VOLUME ","VALUE ","No of trades "
"19-Aug-2020","EQ","1,835.00","1,835.90","1,818.05","1,820.70","1,827.55","1,827.95","1,828.01","2,499.90","1,473.45",2934730,"5,364,712,976.60",85358
"18-Aug-2020","EQ","1,801.10","1,825.40","1,795.95","1,800.55","1,819.05","1,820.70","1,813.53","2,499.90","1,473.45",3413536,"6,190,549,505.40",141811
"17-Aug-2020","EQ","1,805.00","1,807.85","1,783.85","1,791.70","1,801.95","1,800.55","1,795.17","2,499.90","1,473.45",4076960,"7,318,829,944.15",148103
"14-Aug-2020","EQ","1,818.60","1,823.75","1,773.25","1,804.85","1,793.75","1,791.70","1,796.65","2,499.90","1,473.45",6136766,"11,025,637,096.85",186319
"13-Aug-2020","EQ","1,818.50","1,823.65","1,799.55","1,814.20","1,810.00","1,804.85","1,807.52","2,499.90","1,473.45",3769538,"6,813,503,042.60",129725
"12-Aug-2020","EQ","1,825.75","1,837.70","1,802.00","1,826.75","1,821.00","1,814.20","1,820.21","2,499.90","1,473.45",3606317,"6,564,247,309.35",129657
"11-Aug-2020","EQ","1,813.00","1,846.75","1,810.50","1,798.95","1,829.00","1,826.75","1,834.41","2,499.90","1,473.45",4944312,"9,069,914,818.50",167219
"10-Aug-2020","EQ","1,794.00","1,811.00","1,789.30","1,777.70","1,796.60","1,798.95","1,800.45","2,499.90","1,473.45",3030917,"5,457,022,247.20",102333
"07-Aug-2020","EQ","1,774.95","1,781.80","1,763.00","1,783.75","1,779.90","1,777.70","1,773.89","2,499.90","1,473.45",5129995,"9,100,051,953.15",146649
"06-Aug-2020","EQ","1,798.25","1,805.70","1,762.05","1,776.70","1,778.45","1,783.75","1,784.36","2,499.90","1,473.45",6004624,"10,714,415,040.60",169297
"05-Aug-2020","EQ","1,784.40","1,811.50","1,766.25","1,781.10","1,780.00","1,776.70","1,787.48","2,499.90","1,473.45",5576455,"9,967,784,417.55",166848
"04-Aug-2020","EQ","1,749.00","1,794.45","1,743.40","1,739.80","1,783.85","1,781.10","1,773.16","2,499.90","1,473.45",4722583,"8,373,874,927.85",201026
"03-Aug-2020","EQ","1,781.00","1,781.95","1,730.10","1,781.95","1,744.00","1,739.80","1,756.06","2,499.90","1,473.45",4648927,"8,163,809,657.20",199001
"31-Jul-2020","EQ","1,805.00","1,811.20","1,759.00","1,810.65","1,786.50","1,781.95","1,783.75","2,499.90","1,473.45",7746014,"13,816,965,912.60",234358
"30-Jul-2020","EQ","1,880.00","1,900.70","1,804.00","1,877.30","1,804.95","1,810.65","1,848.21","2,499.90","1,473.45",7473426,"13,812,489,030.95",243718
"29-Jul-2020","EQ","1,885.00","1,918.50","1,867.20","1,897.35","1,879.65","1,877.30","1,890.21","2,499.90","1,473.45",7413828,"14,013,720,596.85",202540
"28-Jul-2020","EQ","1,859.35","1,907.00","1,844.50","1,850.75","1,892.00","1,897.35","1,876.95","2,499.90","1,473.45",4346193,"8,157,568,543.65",175005
"27-Jul-2020","EQ","1,841.30","1,861.95","1,824.00","1,841.30","1,853.00","1,850.75","1,842.36","2,499.90","1,473.45",3724639,"6,862,134,768.10",166745
"24-Jul-2020","EQ","1,854.00","1,857.80","1,817.00","1,875.80","1,841.00","1,841.30","1,834.05","2,499.90","1,473.45",3309356,"6,069,531,974.80",148129
"23-Jul-2020","EQ","1,881.05","1,910.00","1,871.60","1,881.05","1,872.25","1,875.80","1,891.88","2,499.90","1,473.45",3647242,"6,900,158,053.60",121783
"22-Jul-2020","EQ","1,895.50","1,898.95","1,851.50","1,883.65","1,897.70","1,881.05","1,872.11","2,499.90","1,473.45",5538884,"10,369,413,956.80",199916
"21-Jul-2020","EQ","1,816.50","1,900.95","1,815.00","1,806.05","1,887.00","1,883.65","1,869.58","2,499.90","1,473.45",6884035,"12,870,275,135.15",236947
"20-Jul-2020","EQ","1,844.00","1,844.00","1,801.00","1,805.85","1,804.05","1,806.05","1,816.19","2,499.90","1,473.45",3915997,"7,112,184,282.85",142802
"17-Jul-2020","EQ","1,800.00","1,821.95","1,784.05","1,787.80","1,812.05","1,805.85","1,806.59","2,499.90","1,473.45",4240987,"7,661,742,109.05",113416
"16-Jul-2020","EQ","1,792.00","1,794.70","1,750.00","1,789.90","1,790.00","1,787.80","1,774.16","2,499.90","1,473.45",4230162,"7,504,975,484.90",154071
"15-Jul-2020","EQ","1,809.00","1,821.90","1,782.00","1,791.60","1,797.00","1,789.90","1,803.21","2,499.90","1,473.45",3994980,"7,203,769,834.40",147688
"14-Jul-2020","EQ","1,825.00","1,825.30","1,770.50","1,845.55","1,793.10","1,791.60","1,792.02","2,499.90","1,473.45",5529793,"9,909,526,728.75",212015
"13-Jul-2020","EQ","1,905.00","1,907.20","1,840.00","1,886.00","1,853.65","1,845.55","1,862.45","2,499.90","1,473.45",3403604,"6,339,056,787.25",163322
"10-Jul-2020","EQ","1,915.00","1,931.90","1,876.25","1,941.85","1,888.50","1,886.00","1,899.85","2,499.90","1,473.45",3853348,"7,320,788,674.45",153438
"09-Jul-2020","EQ","1,871.30","1,947.90","1,865.00","1,886.05","1,944.50","1,941.85","1,929.50","2,499.90","1,473.45",6703324,"12,934,045,670.75",174261
"08-Jul-2020","EQ","1,895.00","1,907.00","1,871.00","1,886.75","1,872.00","1,886.05","1,892.99","2,499.90","1,473.45",2885754,"5,462,703,206.50",112635
"07-Jul-2020","EQ","1,880.00","1,892.35","1,857.00","1,868.70","1,883.85","1,886.75","1,880.18","2,499.90","1,473.45",4157365,"7,816,606,426.80",132982
"06-Jul-2020","EQ","1,903.25","1,909.25","1,864.55","1,885.20","1,871.55","1,868.70","1,890.70","2,499.90","1,473.45",5073705,"9,592,857,012.80",130366
"03-Jul-2020","EQ","1,905.55","1,908.00","1,867.30","1,889.45","1,883.00","1,885.20","1,884.90","2,499.90","1,473.45",4430264,"8,350,618,471.40",150339
"02-Jul-2020","EQ","1,852.95","1,899.00","1,842.60","1,835.15","1,892.85","1,889.45","1,876.73","2,499.90","1,473.45",6480519,"12,162,214,411.75",202734
"01-Jul-2020","EQ","1,764.00","1,844.80","1,760.40","1,754.65","1,836.80","1,835.15","1,814.94","2,499.90","1,473.45",6991685,"12,689,494,939.75",227684
"30-Jun-2020","EQ","1,751.15","1,792.70","1,747.20","1,741.15","1,761.00","1,754.65","1,771.08","2,499.90","1,473.45",6325246,"11,202,532,937.30",180511
"29-Jun-2020","EQ","1,755.00","1,775.00","1,726.25","1,769.35","1,742.75","1,741.15","1,738.95","2,499.90","1,473.45",3948941,"6,867,005,319.55",116201
"26-Jun-2020","EQ","1,793.85","1,799.90","1,752.40","1,777.80","1,772.00","1,769.35","1,769.13","2,499.90","1,473.45",5731517,"10,139,812,236.95",156336
"25-Jun-2020","EQ","1,782.20","1,811.00","1,761.90","1,797.75","1,775.95","1,777.80","1,786.92","2,499.90","1,473.45",5939864,"10,614,080,664.35",206434
"24-Jun-2020","EQ","1,825.00","1,869.00","1,788.60","1,838.10","1,797.65","1,797.75","1,836.40","2,499.90","1,473.45",7029207,"12,908,465,796.75",190784
"23-Jun-2020","EQ","1,820.00","1,845.00","1,803.05","1,819.40","1,843.15","1,838.10","1,822.13","2,499.90","1,473.45",5043383,"9,189,697,465.95",209547
"22-Jun-2020","EQ","1,850.80","1,874.20","1,813.10","1,835.10","1,820.50","1,819.40","1,838.07","2,499.90","1,473.45",4782899,"8,791,308,097.80",179418
"19-Jun-2020","EQ","1,854.00","1,867.50","1,814.00","1,855.95","1,840.30","1,835.10","1,836.92","2,499.90","1,473.45",12199449,"22,409,404,203.05",226788
"18-Jun-2020","EQ","1,790.00","1,869.00","1,787.30","1,794.65","1,847.50","1,855.95","1,830.89","2,499.90","1,473.45",5334835,"9,767,504,641.65",189444
"17-Jun-2020","EQ","1,819.00","1,847.15","1,786.00","1,821.90","1,793.40","1,794.65","1,819.98","2,499.90","1,473.45",6816822,"12,406,472,037.00",192356
"16-Jun-2020","EQ","1,785.00","1,834.00","1,768.05","1,751.65","1,820.00","1,821.90","1,810.53","2,499.90","1,473.45",7453412,"13,494,649,113.70",246998
"15-Jun-2020","EQ","1,786.95","1,805.25","1,726.00","1,792.20","1,752.00","1,751.65","1,752.20","2,499.90","1,473.45",5082387,"8,905,360,147.80",179412
"12-Jun-2020","EQ","1,710.00","1,809.00","1,710.00","1,787.45","1,790.00","1,792.20","1,758.75","2,499.90","1,473.45",5936632,"10,441,025,680.15",233124
"11-Jun-2020","EQ","1,805.00","1,826.00","1,781.35","1,809.30","1,790.00","1,787.45","1,798.66","2,499.90","1,473.45",5383998,"9,683,993,674.05",185203
"10-Jun-2020","EQ","1,784.00","1,820.00","1,782.00","1,772.10","1,810.55","1,809.30","1,799.91","2,499.90","1,473.45",4631195,"8,335,723,847.15",193292
"09-Jun-2020","EQ","1,763.20","1,826.75","1,746.00","1,760.80","1,771.00","1,772.10","1,783.01","2,499.90","1,473.45",9065372,"16,163,605,936.75",217301
"08-Jun-2020","EQ","1,801.00","1,818.90","1,748.35","1,766.60","1,764.00","1,760.80","1,779.66","2,499.90","1,473.45",6209421,"11,050,687,673.10",228341
"05-Jun-2020","EQ","1,775.00","1,788.95","1,740.60","1,764.30","1,775.00","1,766.60","1,765.00","2,499.90","1,473.45",6691738,"11,810,902,053.90",188004
"04-Jun-2020","EQ","1,815.00","1,828.40","1,759.00","1,835.65","1,761.65","1,764.30","1,780.40","2,499.90","1,473.45",7617538,"13,562,275,959.90",237971
"03-Jun-2020","EQ","1,835.20","1,859.45","1,823.10","1,813.55","1,833.00","1,835.65","1,834.98","2,499.90","1,473.45",9490542,"17,414,908,522.35",244160
"02-Jun-2020","EQ","1,737.70","1,822.35","1,732.15","1,737.70","1,817.00","1,813.55","1,781.74","2,499.90","1,473.45",8319067,"14,822,382,977.65",263037
"01-Jun-2020","EQ","1,706.60","1,764.85","1,701.30","1,658.90","1,732.00","1,737.70","1,737.54","2,499.90","1,473.45",8056778,"13,998,949,950.00",245505
"29-May-2020","EQ","1,615.90","1,676.35","1,590.90","1,623.70","1,667.00","1,658.90","1,639.09","2,499.90","1,473.45",13809103,"22,634,377,816.75",365281
"28-May-2020","EQ","1,580.00","1,643.80","1,577.00","1,570.40","1,633.00","1,623.70","1,620.61","2,499.90","1,473.45",10262028,"16,630,724,097.35",301812
"27-May-2020","EQ","1,513.00","1,578.00","1,490.00","1,502.15","1,570.55","1,570.40","1,534.78","2,499.90","1,473.45",12428432,"19,074,883,798.90",387154
"26-May-2020","EQ","1,516.00","1,568.15","1,486.00","1,516.15","1,506.40","1,502.15","1,513.16","2,499.90","1,473.45",12752510,"19,296,553,195.20",410460
"22-May-2020","EQ","1,582.00","1,596.70","1,501.50","1,597.30","1,515.85","1,516.15","1,530.24","2,499.90","1,473.45",12034389,"18,415,563,254.95",388675
"21-May-2020","EQ","1,632.90","1,651.80","1,590.00","1,627.00","1,595.00","1,597.30","1,622.80","2,499.90","1,473.45",7056092,"11,450,632,312.15",201899
"20-May-2020","EQ","1,550.00","1,640.00","1,545.00","1,539.85","1,634.50","1,627.00","1,587.90","2,499.90","1,473.45",6847043,"10,872,414,709.35",236795
"19-May-2020","EQ","1,570.00","1,591.75","1,512.00","1,512.05","1,545.00","1,539.85","1,553.92","2,499.90","1,473.45",9261076,"14,390,950,083.75",254429
"18-May-2020","EQ","1,633.50","1,637.65","1,506.40","1,633.80","1,518.55","1,512.05","1,552.96","2,499.90","1,473.45",8460262,"13,138,490,500.35",326536
"15-May-2020","EQ","1,649.00","1,657.75","1,609.00","1,632.40","1,634.00","1,633.80","1,633.41","2,499.90","1,473.45",5610025,"9,163,464,257.55",245689
"14-May-2020","EQ","1,685.00","1,693.00","1,628.10","1,712.75","1,636.20","1,632.40","1,656.59","2,499.90","1,473.45",5424770,"8,986,603,023.95",201771
"13-May-2020","EQ","1,747.00","1,749.50","1,698.00","1,674.10","1,716.00","1,712.75","1,721.21","2,499.90","1,473.45",5734243,"9,869,849,432.50",205554
"12-May-2020","EQ","1,630.00","1,682.80","1,587.10","1,658.45","1,671.90","1,674.10","1,626.65","2,499.90","1,473.45",7019332,"11,417,987,222.90",244690
"11-May-2020","EQ","1,712.50","1,722.00","1,652.10","1,689.70","1,660.00","1,658.45","1,682.44","2,499.90","1,473.45",4677500,"7,869,617,983.70",154839
"08-May-2020","EQ","1,737.00","1,742.00","1,685.00","1,703.90","1,689.75","1,689.70","1,705.93","2,499.90","1,473.45",4420831,"7,541,626,740.25",129326
"07-May-2020","EQ","1,730.00","1,745.95","1,697.65","1,732.15","1,707.00","1,703.90","1,716.17","2,499.90","1,473.45",3349484,"5,748,291,661.35",114586
"06-May-2020","EQ","1,709.00","1,777.55","1,680.00","1,689.90","1,735.00","1,732.15","1,736.02","2,499.90","1,473.45",8781437,"15,244,720,856.40",250369
"05-May-2020","EQ","1,745.00","1,769.50","1,678.00","1,724.35","1,697.00","1,689.90","1,723.19","2,499.90","1,473.45",7807204,"13,453,332,182.70",248587
"04-May-2020","EQ","1,856.00","1,856.00","1,708.30","1,916.00","1,724.85","1,724.35","1,756.37","2,499.90","1,473.45",6040202,"10,608,844,799.65",255869
"30-Apr-2020","EQ","1,857.00","1,927.00","1,855.50","1,836.75","1,916.15","1,916.00","1,894.76","2,499.90","1,473.45",8237079,"15,607,316,366.45",279673
"29-Apr-2020","EQ","1,734.00","1,845.00","1,726.00","1,715.80","1,827.95","1,836.75","1,803.34","2,499.90","1,473.45",11881509,"21,426,401,017.60",374646
"28-Apr-2020","EQ","1,615.80","1,725.00","1,612.65","1,591.45","1,724.00","1,715.80","1,671.93","2,499.90","1,473.45",7691600,"12,859,811,307.05",233697
"27-Apr-2020","EQ","1,618.10","1,652.15","1,585.35","1,580.30","1,600.60","1,591.45","1,620.72","2,499.90","1,473.45",5719079,"9,269,017,193.80",198621
"24-Apr-2020","EQ","1,603.00","1,624.95","1,569.10","1,663.45","1,588.00","1,580.30","1,599.71","2,499.90","1,473.45",7166440,"11,464,230,351.30",298693
"23-Apr-2020","EQ","1,674.90","1,687.00","1,651.60","1,664.15","1,656.00","1,663.45","1,666.79","2,499.90","1,473.45",4419421,"7,366,264,029.95",173378
"22-Apr-2020","EQ","1,669.70","1,679.00","1,626.15","1,669.70","1,670.00","1,664.15","1,659.27","2,499.90","1,473.45",5301750,"8,797,052,694.15",192440
"21-Apr-2020","EQ","1,670.00","1,694.80","1,651.10","1,727.70","1,665.00","1,669.70","1,676.04","2,499.90","1,473.45",6604554,"11,069,479,447.90",180701
"20-Apr-2020","EQ","1,709.80","1,738.00","1,673.40","1,680.60","1,734.00","1,727.70","1,709.85","2,499.90","1,473.45",7372380,"12,605,653,593.10",203023
"17-Apr-2020","EQ","1,690.00","1,738.00","1,652.40","1,625.75","1,680.00","1,680.60","1,688.58","2,499.90","1,473.45",8954559,"15,120,478,543.35",325105
"16-Apr-2020","EQ","1,590.00","1,663.70","1,575.00","1,596.30","1,630.00","1,625.75","1,623.76","2,499.90","1,473.45",7892749,"12,815,967,215.50",241563
"15-Apr-2020","EQ","1,708.50","1,710.00","1,584.90","1,655.20","1,597.00","1,596.30","1,643.03","2,499.90","1,473.45",8512332,"13,986,053,408.30",312431
"13-Apr-2020","EQ","1,725.00","1,763.75","1,646.55","1,703.10","1,662.00","1,655.20","1,680.31","2,499.90","1,473.45",7287804,"12,245,737,787.20",285995
"09-Apr-2020","EQ","1,587.70","1,714.65","1,587.50","1,558.80","1,702.00","1,703.10","1,669.67","2,499.90","1,473.45",8572034,"14,312,462,272.00",305756
"08-Apr-2020","EQ","1,543.40","1,692.00","1,535.00","1,555.15","1,560.00","1,558.80","1,604.88","2,499.90","1,473.45",8974987,"14,403,795,607.45",230116
"07-Apr-2020","EQ","1,574.70","1,577.50","1,517.60","1,499.55","1,570.00","1,555.15","1,542.02","2,499.90","1,473.45",12307166,"18,977,864,315.65",454758
"03-Apr-2020","EQ","1,575.50","1,578.80","1,482.25","1,583.50","1,499.75","1,499.55","1,512.61","2,499.90","1,473.45",10149442,"15,352,154,498.85",342735
"01-Apr-2020","EQ","1,645.50","1,693.60","1,575.90","1,633.10","1,588.00","1,583.50","1,608.21","2,499.90","1,473.45",6752017,"10,858,669,940.45",188955
"31-Mar-2020","EQ","1,625.00","1,666.55","1,582.00","1,558.75","1,625.00","1,633.10","1,622.46","2,499.90","1,473.45",10444821,"16,946,278,907.20",310677
"30-Mar-2020","EQ","1,667.30","1,699.00","1,548.00","1,754.00","1,564.00","1,558.75","1,618.03","2,499.90","1,473.45",8670691,"14,029,421,577.00",306298
"27-Mar-2020","EQ","1,785.20","1,849.65","1,710.05","1,733.25","1,755.45","1,754.00","1,778.98","2,499.90","1,473.45",9048464,"16,097,031,294.15",254613
"26-Mar-2020","EQ","1,689.50","1,843.45","1,671.20","1,646.05","1,755.00","1,733.25","1,750.18","2,499.90","1,473.45",12104359,"21,184,811,466.10",289135
"25-Mar-2020","EQ","1,476.00","1,655.60","1,476.00","1,505.10","1,655.60","1,646.05","1,573.18","2,499.90","1,473.45",10417560,"16,388,732,588.35",311380
"24-Mar-2020","EQ","1,554.00","1,649.70","1,473.45","1,520.70","1,504.35","1,505.10","1,555.48","2,499.90","1,473.45",8900025,"13,843,781,637.45",360837
"23-Mar-2020","EQ","1,578.60","1,673.25","1,500.00","1,753.95","1,520.70","1,520.70","1,588.03","2,499.90","1,490.10",9474584,"15,045,929,137.20",289498
"20-Mar-2020","EQ","1,624.00","1,776.90","1,535.20","1,617.60","1,776.90","1,753.95","1,667.01","2,499.90","1,490.10",11377225,"18,966,004,675.35",313895
"19-Mar-2020","EQ","1,502.10","1,703.95","1,490.10","1,622.55","1,620.00","1,617.60","1,582.02","2,499.90","1,490.10",11254232,"17,804,402,634.85",382998
"18-Mar-2020","EQ","1,771.00","1,784.70","1,602.40","1,755.80","1,633.25","1,622.55","1,692.03","2,499.90","1,602.40",9070671,"15,347,878,606.05",318627
"17-Mar-2020","EQ","1,858.05","1,869.90","1,740.00","1,841.75","1,755.85","1,755.80","1,805.32","2,499.90","1,688.15",6682574,"12,064,165,339.55",257685
"16-Mar-2020","EQ","1,964.00","1,979.50","1,825.00","2,066.80","1,858.00","1,841.75","1,898.10","2,499.90","1,688.15",10672843,"20,258,137,719.40",338858
"13-Mar-2020","EQ","1,780.05","2,123.70","1,688.15","1,875.70","2,072.65","2,066.80","1,967.57","2,499.90","1,688.15",14173637,"27,887,643,749.70",335277
"12-Mar-2020","EQ","1,990.00","1,990.00","1,861.10","2,036.25","1,874.50","1,875.70","1,921.57","2,499.90","1,861.10",8837533,"16,981,957,676.70",295321
"11-Mar-2020","EQ","1,970.00","2,073.85","1,970.00","2,027.90","2,040.35","2,036.25","2,039.08","2,499.90","1,884.00",6997019,"14,267,473,437.25",235413
"09-Mar-2020","EQ","2,067.30","2,067.30","1,981.20","2,109.45","2,025.50","2,027.90","2,027.04","2,499.90","1,884.00",5051322,"10,239,209,033.15",202229
"06-Mar-2020","EQ","2,145.00","2,145.00","2,092.80","2,195.05","2,109.50","2,109.45","2,112.92","2,499.90","1,838.55",5414446,"11,440,293,042.55",206756
"05-Mar-2020","EQ","2,206.00","2,232.20","2,183.00","2,206.05","2,189.00","2,195.05","2,206.08","2,499.90","1,838.55",3916762,"8,640,675,108.85",166673
"04-Mar-2020","EQ","2,207.00","2,216.60","2,180.20","2,191.40","2,209.10","2,206.05","2,200.31","2,499.90","1,838.55",4460096,"9,813,578,241.55",149261
"03-Mar-2020","EQ","2,201.70","2,226.90","2,173.30","2,179.65","2,194.95","2,191.40","2,196.19","2,499.90","1,838.55",4229070,"9,287,853,685.35",164672
"02-Mar-2020","EQ","2,215.00","2,248.35","2,153.80","2,175.75","2,183.70","2,179.65","2,208.23","2,499.90","1,838.55",3957634,"8,739,351,975.55",169811
"28-Feb-2020","EQ","2,228.55","2,228.55","2,162.30","2,272.20","2,186.00","2,175.75","2,191.99","2,499.90","1,820.00",7715143,"16,911,538,106.80",263271
"27-Feb-2020","EQ","2,279.80","2,289.60","2,244.55","2,281.45","2,265.95","2,272.20","2,270.66","2,499.90","1,820.00",3261885,"7,406,620,648.30",192211
"26-Feb-2020","EQ","2,278.00","2,309.50","2,253.55","2,302.60","2,276.50","2,281.45","2,284.08","2,499.90","1,820.00",6163133,"14,077,071,477.45",176704
"25-Feb-2020","EQ","2,309.00","2,320.75","2,285.00","2,292.30","2,307.00","2,302.60","2,305.40","2,499.90","1,820.00",3292922,"7,591,505,237.15",131292
"24-Feb-2020","EQ","2,355.00","2,365.20","2,280.10","2,369.50","2,303.85","2,292.30","2,311.58","2,499.90","1,820.00",4238039,"9,796,556,094.40",195151
"20-Feb-2020","EQ","2,364.00","2,377.50","2,349.05","2,377.25","2,368.50","2,369.50","2,365.67","2,499.90","1,820.00",3351611,"7,928,804,253.45",146323
"19-Feb-2020","EQ","2,343.00","2,385.00","2,330.05","2,318.80","2,379.00","2,377.25","2,357.57","2,499.90","1,820.00",2088724,"4,924,315,569.70",91408
"18-Feb-2020","EQ","2,349.00","2,349.00","2,304.00","2,350.25","2,324.05","2,318.80","2,320.71","2,499.90","1,820.00",2345063,"5,442,220,042.85",126995
"17-Feb-2020","EQ","2,401.75","2,406.65","2,345.15","2,401.75","2,349.90","2,350.25","2,365.00","2,499.90","1,820.00",2398556,"5,672,596,634.65",113614
"14-Feb-2020","EQ","2,402.00","2,425.85","2,389.40","2,403.65","2,400.25","2,401.75","2,403.91","2,499.90","1,820.00",2611510,"6,277,832,031.30",122829
"13-Feb-2020","EQ","2,426.00","2,444.15","2,399.00","2,437.60","2,404.00","2,403.65","2,413.10","2,499.90","1,820.00",2280271,"5,502,526,882.00",121230
"12-Feb-2020","EQ","2,449.50","2,487.00","2,427.90","2,435.15","2,433.00","2,437.60","2,452.85","2,499.90","1,820.00",4173099,"10,235,994,516.55",132455
"11-Feb-2020","EQ","2,424.45","2,441.75","2,420.20","2,414.30","2,436.00","2,435.15","2,432.03","2,499.90","1,820.00",1732762,"4,214,124,061.85",93693
"10-Feb-2020","EQ","2,405.00","2,425.30","2,391.05","2,405.65","2,412.10","2,414.30","2,411.39","2,499.90","1,820.00",2056525,"4,959,076,230.95",90906
"07-Feb-2020","EQ","2,428.10","2,452.30","2,398.35","2,436.45","2,405.00","2,405.65","2,420.22","2,499.90","1,820.00",2193190,"5,307,998,215.80",98881
"06-Feb-2020","EQ","2,390.00","2,447.80","2,369.65","2,391.65","2,433.00","2,436.45","2,417.21","2,499.90","1,820.00",3536393,"8,548,207,985.50",155820
"05-Feb-2020","EQ","2,345.55","2,395.50","2,326.20","2,345.95","2,390.50","2,391.65","2,367.47","2,499.90","1,820.00",3244383,"7,680,979,374.75",136750
"04-Feb-2020","EQ","2,265.60","2,351.00","2,265.60","2,259.75","2,344.40","2,345.95","2,322.43","2,499.90","1,820.00",3288687,"7,637,738,602.20",114074
"03-Feb-2020","EQ","2,250.00","2,298.05","2,228.20","2,268.25","2,265.00","2,259.75","2,267.40","2,499.90","1,820.00",5220749,"11,837,535,196.60",243016
"01-Feb-2020","EQ","2,406.00","2,422.70","2,252.75","2,414.00","2,262.00","2,268.25","2,327.26","2,499.90","1,820.00",3906937,"9,092,474,364.20",132400
"31-Jan-2020","EQ","2,417.00","2,434.75","2,404.50","2,415.00","2,416.40","2,414.00","2,418.92","2,499.90","1,820.00",2828509,"6,841,949,879.55",126462
"30-Jan-2020","EQ","2,413.00","2,428.70","2,386.90","2,404.25","2,411.00","2,415.00","2,412.56","2,499.90","1,820.00",2807667,"6,773,672,531.90",162717
"29-Jan-2020","EQ","2,446.00","2,447.50","2,400.00","2,431.60","2,406.30","2,404.25","2,426.93","2,499.90","1,820.00",2692713,"6,535,014,985.35",118940
"28-Jan-2020","EQ","2,413.00","2,471.70","2,410.00","2,395.80","2,433.40","2,431.60","2,444.00","2,499.90","1,820.00",6698252,"16,370,561,186.60",282764
"27-Jan-2020","EQ","2,433.00","2,445.00","2,388.50","2,450.75","2,389.95","2,395.80","2,415.90","2,499.90","1,820.00",2543177,"6,144,072,138.40",93233
"24-Jan-2020","EQ","2,423.00","2,458.60","2,411.40","2,428.40","2,449.15","2,450.75","2,440.79","2,499.90","1,820.00",2178412,"5,317,035,467.10",80669
"23-Jan-2020","EQ","2,422.00","2,436.40","2,404.35","2,416.60","2,429.00","2,428.40","2,422.03","2,499.90","1,820.00",1812646,"4,390,290,577.90",63207
"22-Jan-2020","EQ","2,474.00","2,483.35","2,412.20","2,465.45","2,418.00","2,416.60","2,436.65","2,499.90","1,820.00",3356004,"8,177,410,518.70",81156
"21-Jan-2020","EQ","2,443.00","2,485.90","2,432.00","2,454.35","2,465.00","2,465.45","2,460.71","2,499.90","1,820.00",2404025,"5,915,603,566.35",72342
"20-Jan-2020","EQ","2,474.00","2,486.55","2,440.40","2,453.95","2,454.30","2,454.35","2,458.95","2,499.90","1,820.00",2274456,"5,592,774,717.15",71888
"17-Jan-2020","EQ","2,467.75","2,479.00","2,448.25","2,482.10","2,452.70","2,453.95","2,461.39","2,499.90","1,820.00",2250437,"5,539,209,315.00",158586
"16-Jan-2020","EQ","2,486.00","2,495.75","2,471.80","2,488.60","2,481.45","2,482.10","2,483.17","2,499.90","1,820.00",1794295,"4,455,532,994.00",93656
"15-Jan-2020","EQ","2,483.95","2,495.00","2,453.55","2,492.30","2,491.70","2,488.60","2,478.41","2,499.90","1,820.00",2279961,"5,650,678,838.90",84002
"14-Jan-2020","EQ","2,463.65","2,499.90","2,446.60","2,462.55","2,488.30","2,492.30","2,476.40","2,499.90","1,820.00",2549328,"6,313,164,443.50",94187
"13-Jan-2020","EQ","2,461.10","2,471.05","2,441.00","2,457.55","2,461.50","2,462.55","2,452.05","2,477.65","1,820.00",3401754,"8,341,254,561.05",114337
"10-Jan-2020","EQ","2,465.00","2,477.65","2,440.30","2,457.40","2,460.00","2,457.55","2,457.59","2,477.65","1,820.00",2082060,"5,116,849,567.70",101887
"09-Jan-2020","EQ","2,430.00","2,462.70","2,421.15","2,406.15","2,454.00","2,457.40","2,444.29","2,472.75","1,820.00",3247323,"7,937,400,089.55",93253
"08-Jan-2020","EQ","2,387.00","2,413.00","2,385.50","2,415.05","2,400.00","2,406.15","2,399.40","2,472.75","1,820.00",2147334,"5,152,320,291.20",154324
"07-Jan-2020","EQ","2,401.25","2,428.80","2,380.20","2,384.10","2,420.00","2,415.05","2,406.92","2,472.75","1,820.00",3771992,"9,078,864,621.95",127128
"06-Jan-2020","EQ","2,428.00","2,445.00","2,371.40","2,454.45","2,389.95","2,384.10","2,396.09","2,472.75","1,820.00",2656731,"6,365,761,040.90",100147
"03-Jan-2020","EQ","2,455.00","2,466.40","2,441.80","2,466.40","2,452.05","2,454.45","2,451.88","2,472.75","1,820.00",1963923,"4,815,298,362.90",92333
"02-Jan-2020","EQ","2,430.00","2,472.75","2,422.00","2,433.95","2,469.90","2,466.40","2,450.70","2,472.75","1,820.00",1701396,"4,169,605,313.45",74760
"01-Jan-2020","EQ","2,418.00","2,438.50","2,409.00","2,412.55","2,435.75","2,433.95","2,425.83","2,459.30","1,820.00",945874,"2,294,533,927.25",29500
"31-Dec-2019","EQ","2,433.00","2,435.00","2,406.55","2,438.25","2,413.05","2,412.55","2,421.79","2,459.30","1,820.00",2260375,"5,474,149,092.60",128103
"30-Dec-2019","EQ","2,449.00","2,450.00","2,421.50","2,444.15","2,440.00","2,438.25","2,432.80","2,459.30","1,820.00",1920751,"4,672,803,643.70",65565
"27-Dec-2019","EQ","2,427.00","2,449.55","2,418.55","2,414.10","2,443.00","2,444.15","2,439.89","2,459.30","1,820.00",2080901,"5,077,174,358.05",63557
"26-Dec-2019","EQ","2,412.75","2,433.35","2,404.30","2,412.75","2,416.60","2,414.10","2,418.84","2,459.30","1,820.00",1480323,"3,580,659,433.45",62402
"24-Dec-2019","EQ","2,420.60","2,444.95","2,402.95","2,422.65","2,413.00","2,412.75","2,428.41","2,459.30","1,820.00",2813782,"6,833,019,849.80",107009
"23-Dec-2019","EQ","2,404.00","2,433.80","2,390.00","2,404.10","2,432.00","2,422.65","2,410.86","2,459.30","1,820.00",1976677,"4,765,494,323.65",83456
"20-Dec-2019","EQ","2,415.00","2,425.00","2,378.15","2,411.90","2,403.50","2,404.10","2,399.49","2,459.30","1,820.00",5053198,"12,125,085,820.90",126134
"19-Dec-2019","EQ","2,432.10","2,438.50","2,405.65","2,445.15","2,412.10","2,411.90","2,421.69","2,459.30","1,820.00",4116736,"9,969,442,052.60",139731
"18-Dec-2019","EQ","2,427.00","2,459.30","2,415.80","2,430.10","2,443.50","2,445.15","2,442.95","2,459.30","1,820.00",5100244,"12,459,657,497.70",199057
"17-Dec-2019","EQ","2,365.00","2,436.55","2,359.40","2,375.25","2,426.25","2,430.10","2,410.92","2,436.55","1,820.00",7277994,"17,546,682,431.90",267937
"16-Dec-2019","EQ","2,356.00","2,384.00","2,343.00","2,354.50","2,375.95","2,375.25","2,371.46","2,384.00","1,820.00",3510250,"8,324,408,228.60",138556
"13-Dec-2019","EQ","2,330.70","2,365.95","2,318.10","2,318.45","2,351.20","2,354.50","2,348.40","2,365.95","1,820.00",2557242,"6,005,430,195.50",102389
"12-Dec-2019","EQ","2,320.80","2,327.00","2,303.00","2,321.65","2,317.25","2,318.45","2,314.22","2,357.85","1,820.00",2503363,"5,793,339,138.35",91716
"11-Dec-2019","EQ","2,302.00","2,328.25","2,292.70","2,295.15","2,320.15","2,321.65","2,308.79","2,357.85","1,820.00",2582138,"5,961,624,067.95",119288
"10-Dec-2019","EQ","2,318.50","2,332.90","2,288.15","2,311.40","2,288.55","2,295.15","2,309.76","2,357.85","1,820.00",2693998,"6,222,487,815.15",131809
"09-Dec-2019","EQ","2,263.10","2,315.45","2,260.05","2,264.65","2,308.00","2,311.40","2,292.63","2,357.85","1,820.00",3361967,"7,707,741,865.15",114669
"06-Dec-2019","EQ","2,326.50","2,335.00","2,246.45","2,327.55","2,262.00","2,264.65","2,280.19","2,357.85","1,820.00",3440155,"7,844,220,254.60",129457
"05-Dec-2019","EQ","2,309.20","2,333.55","2,300.00","2,322.40","2,321.25","2,327.55","2,319.06","2,357.85","1,820.00",2623207,"6,083,368,424.05",128771
"04-Dec-2019","EQ","2,311.20","2,328.70","2,286.40","2,319.70","2,317.00","2,322.40","2,307.90","2,357.85","1,820.00",3205622,"7,398,241,600.65",111579
"03-Dec-2019","EQ","2,310.95","2,325.00","2,287.05","2,306.60","2,321.90","2,319.70","2,307.07","2,357.85","1,820.00",2402354,"5,542,390,260.30",81663
"02-Dec-2019","EQ","2,316.00","2,316.00","2,263.90","2,297.25","2,306.65","2,306.60","2,298.60","2,357.85","1,820.00",4044191,"9,295,966,609.15",117724
"29-Nov-2019","EQ","2,309.75","2,316.35","2,280.10","2,309.75","2,296.00","2,297.25","2,292.80","2,357.85","1,820.00",3027045,"6,940,397,032.45",165645
"28-Nov-2019","EQ","2,339.00","2,346.00","2,295.00","2,336.30","2,307.90","2,309.75","2,314.53","2,357.85","1,820.00",3668406,"8,490,628,476.25",169400
"27-Nov-2019","EQ","2,316.00","2,352.00","2,308.40","2,304.65","2,336.00","2,336.30","2,331.64","2,357.85","1,820.00",5748946,"13,404,495,897.05",225666
"26-Nov-2019","EQ","2,300.00","2,320.00","2,280.95","2,294.55","2,298.80","2,304.65","2,305.93","2,357.85","1,820.00",8808006,"20,310,621,611.55",169206
"25-Nov-2019","EQ","2,244.75","2,297.00","2,227.40","2,237.30","2,294.00","2,294.55","2,276.50","2,357.85","1,820.00",4535037,"10,324,000,914.50",146311
"22-Nov-2019","EQ","2,203.00","2,240.00","2,199.30","2,210.35","2,240.00","2,237.30","2,225.04","2,357.85","1,820.00",2186207,"4,864,390,388.95",113031
"21-Nov-2019","EQ","2,202.00","2,216.00","2,186.20","2,200.95","2,210.40","2,210.35","2,201.62","2,357.85","1,820.00",2679074,"5,898,315,143.00",88844
"20-Nov-2019","EQ","2,215.00","2,221.00","2,193.75","2,212.10","2,196.00","2,200.95","2,207.67","2,357.85","1,820.00",1772677,"3,913,487,496.65",124852
"19-Nov-2019","EQ","2,235.60","2,238.75","2,202.20","2,236.30","2,215.70","2,212.10","2,218.28","2,357.85","1,820.00",2916866,"6,470,424,234.70",162909
"18-Nov-2019","EQ","2,222.50","2,240.85","2,210.00","2,224.05","2,239.00","2,236.30","2,225.34","2,357.85","1,820.00",2249585,"5,006,102,647.35",116995
"15-Nov-2019","EQ","2,220.10","2,238.75","2,208.00","2,226.80","2,226.00","2,224.05","2,222.09","2,357.85","1,784.55",3346325,"7,435,843,653.05",122637
"14-Nov-2019","EQ","2,207.90","2,232.85","2,190.20","2,207.45","2,222.80","2,226.80","2,213.80","2,357.85","1,784.55",1953996,"4,325,754,843.25",90409
"13-Nov-2019","EQ","2,227.95","2,231.95","2,195.45","2,234.55","2,207.45","2,207.45","2,217.78","2,357.85","1,784.55",2791867,"6,191,737,362.45",113339
"11-Nov-2019","EQ","2,228.00","2,239.80","2,216.00","2,233.20","2,236.15","2,234.55","2,229.58","2,357.85","1,784.55",1834680,"4,090,560,889.95",69692
"08-Nov-2019","EQ","2,242.95","2,252.50","2,211.00","2,251.00","2,230.00","2,233.20","2,238.65","2,357.85","1,773.35",3315622,"7,422,512,991.15",145352
"07-Nov-2019","EQ","2,247.40","2,264.80","2,236.20","2,220.60","2,250.00","2,251.00","2,252.20","2,357.85","1,773.35",5582130,"12,572,087,543.00",190815
"06-Nov-2019","EQ","2,188.00","2,228.00","2,162.00","2,181.30","2,221.00","2,220.60","2,196.72","2,357.85","1,773.35",4225289,"9,281,797,850.30",170971
"05-Nov-2019","EQ","2,207.10","2,209.80","2,164.70","2,181.30","2,182.55","2,181.30","2,185.07","2,357.85","1,773.35",5525743,"12,074,114,952.35",167738
"04-Nov-2019","EQ","2,140.90","2,195.00","2,121.10","2,128.60","2,179.80","2,181.30","2,160.09","2,357.85","1,773.35",6580464,"14,214,415,456.35",208636
"01-Nov-2019","EQ","2,135.90","2,167.25","2,120.10","2,131.90","2,130.80","2,128.60","2,142.57","2,357.85","1,653.05",3431044,"7,351,262,594.45",120901
"31-Oct-2019","EQ","2,115.00","2,146.80","2,103.65","2,107.45","2,137.00","2,131.90","2,124.17","2,357.85","1,653.05",3273126,"6,952,664,410.40",122214
"30-Oct-2019","EQ","2,134.95","2,134.95","2,102.60","2,113.05","2,103.00","2,107.45","2,114.90","2,357.85","1,653.05",2347585,"4,964,909,481.80",86913
"29-Oct-2019","EQ","2,095.00","2,123.55","2,079.05","2,105.35","2,114.75","2,113.05","2,102.35","2,357.85","1,653.05",2732339,"5,744,319,738.20",135562
"27-Oct-2019","EQ","2,114.95","2,120.00","2,096.80","2,101.55","2,103.90","2,105.35","2,107.65","2,357.85","1,644.50",280920,"592,081,841.75",12046
"25-Oct-2019","EQ","2,149.00","2,153.45","2,085.25","2,144.95","2,101.00","2,101.55","2,108.03","2,357.85","1,644.50",3099190,"6,533,196,764.90",169789
"24-Oct-2019","EQ","2,150.00","2,174.20","2,141.35","2,142.95","2,145.15","2,144.95","2,153.35","2,357.85","1,644.50",4061508,"8,745,849,978.95",158622
"23-Oct-2019","EQ","2,116.00","2,148.00","2,104.70","2,114.90","2,144.20","2,142.95","2,131.25","2,357.85","1,644.50",2487332,"5,301,121,411.00",130548
"22-Oct-2019","EQ","2,115.00","2,140.50","2,096.00","2,094.45","2,116.00","2,114.90","2,116.25","2,357.85","1,644.50",3460577,"7,323,463,299.20",165094
"18-Oct-2019","EQ","2,089.00","2,102.00","2,065.10","2,089.75","2,096.00","2,094.45","2,085.63","2,357.85","1,644.50",2760381,"5,757,124,200.25",97942
"17-Oct-2019","EQ","2,056.95","2,095.00","2,050.10","2,048.70","2,085.45","2,089.75","2,076.46","2,357.85","1,644.50",4562240,"9,473,317,998.00",203900
"16-Oct-2019","EQ","2,020.00","2,056.00","2,015.00","2,013.30","2,051.80","2,048.70","2,035.75","2,357.85","1,644.50",3766098,"7,666,852,173.05",211302
"15-Oct-2019","EQ","2,019.00","2,030.40","2,009.20","2,014.75","2,013.00","2,013.30","2,019.15","2,357.85","1,644.50",2109065,"4,258,526,940.00",127997
"14-Oct-2019","EQ","2,017.00","2,031.85","2,000.00","2,010.15","2,009.00","2,014.75","2,019.41","2,357.85","1,644.50",2903479,"5,863,305,986.50",109769
"11-Oct-2019","EQ","1,997.95","2,025.50","1,980.25","1,987.95","2,007.00","2,010.15","2,006.03","2,357.85","1,644.50",2882644,"5,782,664,756.75",111442
"10-Oct-2019","EQ","2,000.00","2,000.00","1,971.00","2,002.00","1,987.20","1,987.95","1,982.85","2,357.85","1,644.50",2627395,"5,209,742,799.50",143041
"09-Oct-2019","EQ","1,974.85","2,005.00","1,964.35","1,969.30","2,005.00","2,002.00","1,986.41","2,357.85","1,644.50",5119327,"10,169,091,679.25",168888
"07-Oct-2019","EQ","1,988.50","1,996.80","1,963.05","1,978.30","1,969.00","1,969.30","1,982.09","2,357.85","1,644.50",2730663,"5,412,413,001.55",120017
"04-Oct-2019","EQ","1,992.00","2,016.90","1,972.60","1,974.55","1,975.05","1,978.30","1,995.84","2,357.85","1,644.50",7413858,"14,796,895,360.80",229625
"03-Oct-2019","EQ","1,990.00","1,999.00","1,951.25","1,995.65","1,976.45","1,974.55","1,971.84","2,357.85","1,644.50",4882403,"9,627,311,876.05",209284
"01-Oct-2019","EQ","1,988.00","2,028.95","1,962.95","1,977.05","1,991.85","1,995.65","1,994.56","2,357.85","1,644.50",9472004,"18,892,487,015.00",306394
"30-Sep-2019","EQ","2,035.90","2,038.50","1,970.05","2,035.90","1,977.05","1,977.05","1,989.56","2,357.85","1,644.50",7117561,"14,160,810,329.65",255161
"27-Sep-2019","EQ","2,061.25","2,096.70","2,025.60","2,063.20","2,034.00","2,035.90","2,061.64","2,357.85","1,644.50",4896678,"10,095,174,562.60",208955
"26-Sep-2019","EQ","2,070.10","2,088.00","2,053.80","2,069.95","2,065.90","2,063.20","2,068.89","2,357.85","1,644.50",7669665,"15,867,663,058.65",253150
"25-Sep-2019","EQ","2,127.05","2,127.05","2,050.25","2,130.00","2,067.85","2,069.95","2,071.36","2,357.85","1,644.50",6966228,"14,429,544,200.85",218163
"24-Sep-2019","EQ","2,159.90","2,185.00","2,114.25","2,162.00","2,131.00","2,130.00","2,138.91","2,357.85","1,644.50",4763968,"10,189,691,133.75",185465
"23-Sep-2019","EQ","2,085.00","2,194.80","2,080.00","2,049.30","2,159.90","2,162.00","2,146.38","2,357.85","1,644.50",9653408,"20,719,912,077.95",277944
"20-Sep-2019","EQ","1,983.90","2,065.00","1,960.00","1,974.60","2,050.65","2,049.30","2,038.33","2,357.85","1,644.50",18203636,"37,104,964,761.85",279169
"19-Sep-2019","EQ","1,988.30","2,002.30","1,964.10","1,988.30","1,972.50","1,974.60","1,985.51","2,357.85","1,644.50",4138284,"8,216,588,077.45",170839
"18-Sep-2019","EQ","2,010.00","2,012.40","1,982.40","1,996.25","1,988.85","1,988.30","1,993.65","2,357.85","1,644.50",4245697,"8,464,425,814.25",135398
"17-Sep-2019","EQ","2,041.90","2,045.50","1,976.20","2,046.75","1,995.60","1,996.25","2,006.18","2,357.85","1,644.50",5897097,"11,830,653,550.45",179829
"16-Sep-2019","EQ","2,080.00","2,083.00","2,038.00","2,083.85","2,044.10","2,046.75","2,052.40","2,357.85","1,644.50",3750174,"7,696,862,956.95",168769
"13-Sep-2019","EQ","2,079.00","2,092.05","2,063.70","2,082.75","2,089.85","2,083.85","2,075.39","2,357.85","1,644.50",3133152,"6,502,507,824.90",132521
"12-Sep-2019","EQ","2,085.45","2,113.85","2,076.85","2,071.85","2,082.80","2,082.75","2,096.43","2,357.85","1,644.50",3303127,"6,924,781,087.00",139350
"11-Sep-2019","EQ","2,072.00","2,086.55","2,053.10","2,064.25","2,066.00","2,071.85","2,070.62","2,357.85","1,644.50",4003713,"8,290,171,686.90",179227
"09-Sep-2019","EQ","2,044.45","2,069.95","2,029.00","2,041.45","2,066.70","2,064.25","2,060.07","2,357.85","1,644.50",2738878,"5,642,293,402.50",163680
"06-Sep-2019","EQ","2,056.45","2,056.45","2,023.00","2,044.15","2,044.00","2,041.45","2,037.08","2,357.85","1,644.50",4227171,"8,611,106,013.60",178593
"05-Sep-2019","EQ","2,100.00","2,100.00","2,040.00","2,100.10","2,041.00","2,044.15","2,054.36","2,357.85","1,644.50",3847628,"7,904,424,011.65",178382
"04-Sep-2019","EQ","2,091.65","2,113.10","2,072.70","2,089.90","2,099.75","2,100.10","2,095.50","2,357.85","1,644.50",3621927,"7,589,736,354.10",132402
"03-Sep-2019","EQ","2,141.00","2,144.70","2,083.00","2,166.45","2,088.45","2,089.90","2,100.34","2,357.85","1,644.50",4009112,"8,420,517,121.00",162095
"30-Aug-2019","EQ","2,137.70","2,171.25","2,118.00","2,128.45","2,165.00","2,166.45","2,149.86","2,357.85","1,644.50",5191150,"11,160,251,314.05",197222
"29-Aug-2019","EQ","2,176.00","2,179.00","2,120.40","2,187.15","2,129.70","2,128.45","2,140.01","2,357.85","1,644.50",5158203,"11,038,594,881.30",166879
"28-Aug-2019","EQ","2,174.00","2,193.60","2,155.75","2,174.30","2,189.90","2,187.15","2,177.34","2,357.85","1,644.50",3291574,"7,166,868,168.40",158924
"27-Aug-2019","EQ","2,158.00","2,186.75","2,144.70","2,148.35","2,182.60","2,174.30","2,171.77","2,357.85","1,644.50",7685979,"16,692,174,978.20",319341
"26-Aug-2019","EQ","2,088.00","2,152.95","2,060.00","2,043.75","2,150.00","2,148.35","2,112.51","2,357.85","1,644.50",5267345,"11,127,305,039.10",187021
"23-Aug-2019","EQ","1,999.00","2,058.05","1,973.00","2,014.10","2,057.10","2,043.75","2,019.52","2,357.85","1,644.50",3421089,"6,908,950,856.85",140386
"22-Aug-2019","EQ","2,066.00","2,073.50","2,007.95","2,066.90","2,012.30","2,014.10","2,034.79","2,357.85","1,644.50",2424936,"4,934,229,103.70",134232
"21-Aug-2019","EQ","2,096.00","2,099.95","2,062.95","2,090.10","2,069.00","2,066.90","2,079.25","2,357.85","1,644.50",2095800,"4,357,694,478.75",92228
"20-Aug-2019","EQ","2,112.35","2,114.90","2,075.00","2,114.05","2,090.80","2,090.10","2,099.65","2,357.85","1,644.50",2966933,"6,229,512,995.35",141534
"19-Aug-2019","EQ","2,114.45","2,135.00","2,098.10","2,100.00","2,110.90","2,114.05","2,118.78","2,357.85","1,644.50",2233119,"4,731,486,232.00",130111
"16-Aug-2019","EQ","2,160.00","2,162.00","2,092.50","2,117.70","2,099.00","2,100.00","2,114.45","2,357.85","1,644.50",7231763,"15,291,207,802.75",241538
"14-Aug-2019","EQ","2,129.00","2,146.00","2,105.25","2,100.10","2,113.90","2,117.70","2,125.76","2,357.85","1,644.50",2683820,"5,705,167,674.10",143520
"13-Aug-2019","EQ","2,196.10","2,209.65","2,092.45","2,211.65","2,101.85","2,100.10","2,136.79","2,357.85","1,644.50",3358448,"7,176,291,619.15",215215
"09-Aug-2019","EQ","2,192.70","2,240.00","2,178.75","2,182.30","2,214.00","2,211.65","2,222.52","2,357.85","1,644.50",4238315,"9,419,727,922.30",146907
"08-Aug-2019","EQ","2,183.90","2,187.70","2,152.00","2,175.20","2,176.30","2,182.30","2,167.66","2,357.85","1,644.50",3525820,"7,642,772,084.90",144419
"07-Aug-2019","EQ","2,189.80","2,198.95","2,161.70","2,189.90","2,171.00","2,175.20","2,178.88","2,357.85","1,644.50",3206138,"6,985,792,837.15",146220
"06-Aug-2019","EQ","2,146.05","2,217.65","2,136.55","2,152.35","2,185.10","2,189.90","2,179.27","2,357.85","1,644.50",5044712,"10,993,781,307.65",185412
"05-Aug-2019","EQ","2,115.00","2,159.45","2,107.75","2,124.80","2,151.70","2,152.35","2,132.60","2,357.85","1,644.50",6285106,"13,403,635,215.65",228558
"02-Aug-2019","EQ","2,075.25","2,148.65","2,039.35","2,086.80","2,135.75","2,124.80","2,097.26","2,357.85","1,644.50",5907182,"12,388,914,888.45",264181
"01-Aug-2019","EQ","2,115.20","2,115.90","2,063.80","2,121.80","2,085.10","2,086.80","2,083.17","2,357.85","1,644.50",3634666,"7,571,640,580.40",260948
"31-Jul-2019","EQ","2,110.25","2,131.95","2,107.70","2,127.25","2,123.15","2,121.80","2,119.57","2,357.85","1,644.50",3563574,"7,553,248,387.40",164673
"30-Jul-2019","EQ","2,150.00","2,158.30","2,113.35","2,149.00","2,125.50","2,127.25","2,132.05","2,357.85","1,644.50",3091291,"6,590,773,317.25",151576
"29-Jul-2019","EQ","2,162.80","2,174.95","2,110.00","2,165.75","2,160.00","2,149.00","2,142.30","2,357.85","1,644.50",1897861,"4,065,787,562.25",112981
"26-Jul-2019","EQ","2,193.75","2,197.80","2,159.40","2,195.35","2,165.00","2,165.75","2,178.06","2,357.85","1,644.50",1920114,"4,182,118,886.45",131407
"25-Jul-2019","EQ","2,184.10","2,215.20","2,161.30","2,184.25","2,194.00","2,195.35","2,196.99","2,357.85","1,644.50",3194769,"7,018,884,762.95",191427
"24-Jul-2019","EQ","2,140.00","2,188.85","2,140.00","2,138.50","2,179.90","2,184.25","2,175.12","2,357.85","1,644.50",3133303,"6,815,319,919.00",181144
"23-Jul-2019","EQ","2,181.40","2,189.75","2,126.05","2,186.90","2,140.00","2,138.50","2,143.22","2,357.85","1,644.50",4659229,"9,985,764,243.15",222869
"22-Jul-2019","EQ","2,287.00","2,298.00","2,180.20","2,303.55","2,182.30","2,186.90","2,201.94","2,357.85","1,644.50",3007548,"6,622,440,594.10",191818
"19-Jul-2019","EQ","2,332.00","2,339.00","2,292.80","2,345.15","2,302.00","2,303.55","2,313.11","2,357.85","1,644.50",3581265,"8,283,875,882.80",230108
"18-Jul-2019","EQ","2,287.95","2,357.85","2,285.55","2,286.70","2,338.00","2,345.15","2,332.67","2,357.85","1,644.50",4047413,"9,441,270,517.05",249224
"17-Jul-2019","EQ","2,277.00","2,289.45","2,277.00","2,277.55","2,285.40","2,286.70","2,284.73","2,300.70","1,644.50",1692841,"3,867,679,817.10",87255
"16-Jul-2019","EQ","2,270.00","2,284.80","2,256.95","2,265.35","2,277.55","2,277.55","2,272.13","2,300.70","1,644.50",2002416,"4,549,750,203.45",114617
"15-Jul-2019","EQ","2,255.90","2,271.00","2,236.40","2,257.80","2,270.00","2,265.35","2,259.05","2,300.70","1,644.50",1570180,"3,547,114,369.10",70130
"12-Jul-2019","EQ","2,270.00","2,282.00","2,250.75","2,261.90","2,250.80","2,257.80","2,271.09","2,300.70","1,644.50",2647206,"6,012,056,102.30",121225
"11-Jul-2019","EQ","2,240.00","2,269.30","2,231.10","2,227.75","2,260.65","2,261.90","2,254.42","2,300.70","1,644.50",1397362,"3,150,235,626.15",85714
"10-Jul-2019","EQ","2,232.00","2,253.40","2,220.00","2,232.80","2,230.95","2,227.75","2,232.59","2,300.70","1,644.50",1544391,"3,447,994,165.05",101154
"09-Jul-2019","EQ","2,248.85","2,248.85","2,197.25","2,259.95","2,240.00","2,232.80","2,220.71","2,300.70","1,644.50",2899589,"6,439,155,447.65",141095
"08-Jul-2019","EQ","2,269.90","2,275.55","2,243.30","2,278.90","2,263.10","2,259.95","2,259.59","2,300.70","1,644.50",2638029,"5,960,868,158.20",85717
"05-Jul-2019","EQ","2,281.25","2,300.70","2,266.60","2,280.25","2,270.00","2,278.90","2,284.65","2,300.70","1,644.50",1901409,"4,344,047,239.50",104963
"04-Jul-2019","EQ","2,277.00","2,286.30","2,265.10","2,277.20","2,278.10","2,280.25","2,275.11","2,287.00","1,644.50",1597337,"3,634,122,406.95",119973
"03-Jul-2019","EQ","2,280.00","2,287.00","2,257.20","2,281.25","2,275.15","2,277.20","2,275.44","2,287.00","1,644.50",2146370,"4,883,943,822.55",125668
"02-Jul-2019","EQ","2,256.80","2,285.00","2,240.00","2,245.90","2,282.00","2,281.25","2,262.05","2,285.00","1,644.50",2729953,"6,175,289,336.90",95788
"01-Jul-2019","EQ","2,197.00","2,252.95","2,192.30","2,192.10","2,250.10","2,245.90","2,227.98","2,252.95","1,644.50",2090173,"4,656,855,916.35",97346
"28-Jun-2019","EQ","2,196.00","2,205.00","2,177.65","2,195.45","2,194.40","2,192.10","2,192.12","2,235.00","1,644.50",2859385,"6,268,111,559.20",137859
"27-Jun-2019","EQ","2,166.50","2,202.55","2,166.05","2,168.10","2,196.30","2,195.45","2,189.62","2,235.00","1,644.50",3972522,"8,698,295,783.20",130451
"26-Jun-2019","EQ","2,165.00","2,180.60","2,153.70","2,172.80","2,164.25","2,168.10","2,165.85","2,235.00","1,644.50",2131272,"4,616,012,041.45",93137
"25-Jun-2019","EQ","2,147.90","2,176.80","2,138.10","2,148.90","2,171.00","2,172.80","2,160.66","2,235.00","1,644.50",1889368,"4,082,281,400.60",108763
"24-Jun-2019","EQ","2,136.10","2,159.00","2,133.50","2,140.80","2,150.00","2,148.90","2,148.03","2,235.00","1,644.50",2038683,"4,379,144,619.60",116945
"21-Jun-2019","EQ","2,200.80","2,201.20","2,135.90","2,199.25","2,142.85","2,140.80","2,153.08","2,235.00","1,644.50",7764514,"16,717,626,993.60",193912
"20-Jun-2019","EQ","2,174.10","2,207.70","2,165.65","2,175.40","2,203.00","2,199.25","2,193.71","2,235.00","1,644.50",2933451,"6,435,140,468.20",149027
"19-Jun-2019","EQ","2,160.05","2,186.40","2,158.55","2,153.00","2,180.90","2,175.40","2,173.69","2,235.00","1,644.50",2146689,"4,666,233,410.05",111954
"18-Jun-2019","EQ","2,178.90","2,194.60","2,134.65","2,173.00","2,156.00","2,153.00","2,165.07","2,235.00","1,644.50",3405935,"7,374,097,865.10",190547
"17-Jun-2019","EQ","2,193.00","2,193.00","2,164.00","2,185.85","2,177.00","2,173.00","2,173.16","2,235.00","1,644.50",2058409,"4,473,259,628.95",91779
"14-Jun-2019","EQ","2,204.50","2,207.55","2,177.15","2,197.50","2,182.95","2,185.85","2,189.80","2,235.00","1,644.50",2162503,"4,735,458,397.15",109072
"13-Jun-2019","EQ","2,180.00","2,200.80","2,161.35","2,181.95","2,196.00","2,197.50","2,182.23","2,235.00","1,644.50",2691171,"5,872,764,580.60",135131
"12-Jun-2019","EQ","2,187.50","2,188.10","2,162.00","2,189.85","2,185.00","2,181.95","2,174.02","2,235.00","1,644.50",2223012,"4,832,877,940.15",108086
"11-Jun-2019","EQ","2,202.25","2,204.00","2,181.00","2,194.05","2,184.55","2,189.85","2,192.02","2,235.00","1,644.50",2393325,"5,246,218,674.15",136438
"10-Jun-2019","EQ","2,215.25","2,224.80","2,175.45","2,210.85","2,192.00","2,194.05","2,193.98","2,235.00","1,644.50",2484187,"5,450,265,811.65",139805
"07-Jun-2019","EQ","2,190.00","2,217.75","2,168.40","2,183.45","2,207.00","2,210.85","2,191.61","2,235.00","1,644.50",1951213,"4,276,290,297.40",138918
"06-Jun-2019","EQ","2,230.00","2,231.00","2,171.65","2,223.95","2,184.00","2,183.45","2,200.67","2,235.00","1,644.50",3888312,"8,556,883,096.25",188097
"04-Jun-2019","EQ","2,220.00","2,233.90","2,209.00","2,230.45","2,229.15","2,223.95","2,222.85","2,235.00","1,644.50",2430870,"5,403,454,602.40",117466
"03-Jun-2019","EQ","2,200.00","2,235.00","2,192.70","2,182.65","2,230.35","2,230.45","2,217.73","2,235.00","1,644.50",3673925,"8,147,780,949.05",110536
"31-May-2019","EQ","2,190.00","2,197.00","2,140.05","2,184.40","2,184.00","2,182.65","2,180.23","2,210.00","1,644.50",5769576,"12,578,978,929.10",207260
"30-May-2019","EQ","2,141.40","2,189.45","2,130.00","2,147.45","2,179.10","2,184.40","2,169.63","2,210.00","1,644.50",3766742,"8,172,443,832.95",133065
"29-May-2019","EQ","2,150.10","2,170.00","2,135.00","2,147.85","2,144.00","2,147.45","2,150.97","2,210.00","1,644.50",3085215,"6,636,207,522.15",156903
"28-May-2019","EQ","2,167.00","2,169.75","2,114.00","2,165.30","2,158.00","2,147.85","2,140.11","2,210.00","1,644.50",7177003,"15,359,556,302.15",231249
"27-May-2019","EQ","2,129.95","2,187.50","2,116.20","2,123.40","2,159.30","2,165.30","2,161.74","2,210.00","1,644.50",3886480,"8,401,552,264.40",154680
"24-May-2019","EQ","2,125.00","2,151.90","2,095.00","2,114.40","2,123.00","2,123.40","2,120.74","2,210.00","1,644.50",3307188,"7,013,698,653.10",144719
"23-May-2019","EQ","2,174.00","2,210.00","2,103.30","2,138.80","2,128.95","2,114.40","2,168.72","2,210.00","1,644.50",7619751,"16,525,096,718.90",314169
"22-May-2019","EQ","2,124.00","2,155.20","2,119.00","2,114.50","2,141.55","2,138.80","2,138.55","2,178.90","1,644.50",3076404,"6,579,043,337.90",177513
"21-May-2019","EQ","2,141.20","2,178.90","2,104.10","2,122.50","2,118.00","2,114.50","2,145.11","2,178.90","1,644.50",5575430,"11,959,904,833.95",246995
"20-May-2019","EQ","2,030.50","2,135.50","2,030.00","1,993.65","2,120.05","2,122.50","2,093.43","2,135.50","1,644.50",6214064,"13,008,731,531.50",197428
"17-May-2019","EQ","1,941.00","1,997.95","1,938.55","1,942.10","1,996.00","1,993.65","1,980.19","2,073.00","1,644.50",2328374,"4,610,615,362.50",140080
"16-May-2019","EQ","1,954.00","1,954.00","1,923.30","1,944.95","1,945.10","1,942.10","1,935.38","2,073.00","1,644.50",2527762,"4,892,189,188.15",151697
"15-May-2019","EQ","1,975.00","1,979.95","1,937.50","1,965.20","1,939.50","1,944.95","1,961.65","2,073.00","1,644.50",2371807,"4,652,647,416.80",114555
"14-May-2019","EQ","1,961.00","1,989.80","1,924.25","1,952.90","1,964.20","1,965.20","1,951.75","2,073.00","1,644.50",4304854,"8,402,005,466.05",158101
"13-May-2019","EQ","1,926.10","1,984.40","1,917.85","1,931.70","1,957.00","1,952.90","1,958.85","2,073.00","1,644.50",4509527,"8,833,503,907.25",139299
"10-May-2019","EQ","1,915.25","1,956.00","1,910.75","1,914.60","1,926.80","1,931.70","1,936.05","2,073.00","1,644.50",1628923,"3,153,681,605.60",97684
"09-May-2019","EQ","1,926.00","1,931.60","1,901.30","1,930.75","1,914.15","1,914.60","1,918.15","2,073.00","1,644.50",1932792,"3,707,381,697.90",130444
"08-May-2019","EQ","1,964.50","1,964.50","1,925.05","1,966.30","1,930.10","1,930.75","1,941.55","2,073.00","1,644.50",3626183,"7,040,421,902.80",151779
"07-May-2019","EQ","1,974.80","2,009.15","1,959.20","1,965.45","1,964.50","1,966.30","1,983.01","2,073.00","1,644.50",2683956,"5,322,315,113.40",114029
"06-May-2019","EQ","1,987.25","1,993.95","1,957.00","2,006.40","1,965.90","1,965.45","1,967.93","2,073.00","1,644.50",2216418,"4,361,747,527.40",89509
"03-May-2019","EQ","2,017.50","2,037.60","2,000.00","2,017.40","2,002.80","2,006.40","2,020.47","2,073.00","1,644.50",1451357,"2,932,422,228.85",80223
"02-May-2019","EQ","1,995.00","2,027.90","1,989.25","1,995.05","2,018.00","2,017.40","2,012.44","2,073.00","1,644.50",2380823,"4,791,258,031.10",124835
"30-Apr-2019","EQ","1,977.40","1,999.85","1,954.20","1,977.40","1,995.55","1,995.05","1,976.43","2,073.00","1,644.50",3675345,"7,264,044,960.40",122095
"26-Apr-2019","EQ","1,959.30","1,982.15","1,941.60","1,955.15","1,976.95","1,977.40","1,963.96","2,073.00","1,644.50",2094836,"4,114,177,193.20",102041
"25-Apr-2019","EQ","1,987.55","1,998.80","1,946.55","1,980.40","1,951.45","1,955.15","1,970.35","2,073.00","1,644.50",4162465,"8,201,507,876.50",136733
"24-Apr-2019","EQ","1,943.90","1,985.00","1,933.25","1,934.70","1,984.70","1,980.40","1,958.44","2,073.00","1,644.50",2758373,"5,402,102,935.80",115391
"23-Apr-2019","EQ","1,958.00","1,966.25","1,929.60","1,953.90","1,930.00","1,934.70","1,944.34","2,073.00","1,644.50",2848980,"5,539,373,188.30",109800
"22-Apr-2019","EQ","2,005.00","2,010.00","1,948.00","2,003.75","1,958.50","1,953.90","1,970.41","2,073.00","1,644.50",2002662,"3,946,055,518.20",80677
"18-Apr-2019","EQ","2,040.00","2,047.90","1,998.15","2,026.70","2,005.00","2,003.75","2,013.04","2,073.00","1,644.50",3888701,"7,828,095,429.40",175404
"16-Apr-2019","EQ","2,019.70","2,034.30","2,016.10","2,014.25","2,027.20","2,026.70","2,025.80","2,073.00","1,644.50",2000314,"4,052,235,623.05",166866
"15-Apr-2019","EQ","2,034.90","2,034.90","2,010.00","2,024.95","2,012.00","2,014.25","2,019.10","2,073.00","1,644.50",1333222,"2,691,910,100.35",76176
"12-Apr-2019","EQ","2,024.00","2,029.90","2,008.10","2,022.80","2,023.00","2,024.95","2,020.07","2,073.00","1,644.50",2121821,"4,286,232,969.10",102234
"11-Apr-2019","EQ","2,028.00","2,048.00","2,017.50","2,029.25","2,018.10","2,022.80","2,029.46","2,073.00","1,644.50",2521729,"5,117,742,167.55",160208
"10-Apr-2019","EQ","2,067.50","2,068.00","2,025.10","2,069.15","2,029.95","2,029.25","2,038.39","2,073.00","1,644.50",3036356,"6,189,266,954.15",151203
"09-Apr-2019","EQ","2,062.50","2,073.00","2,039.15","2,054.90","2,067.00","2,069.15","2,057.72","2,073.00","1,644.50",2381281,"4,900,013,035.60",162102
"08-Apr-2019","EQ","2,068.00","2,072.50","2,029.25","2,059.20","2,052.00","2,054.90","2,048.64","2,072.50","1,644.50",2057768,"4,215,626,440.20",114354
"05-Apr-2019","EQ","2,045.00","2,065.00","2,035.00","2,042.05","2,064.50","2,059.20","2,055.28","2,065.00","1,644.50",2576789,"5,296,022,746.25",125822
"04-Apr-2019","EQ","2,008.00","2,058.80","2,006.30","2,013.10","2,041.90","2,042.05","2,037.46","2,058.80","1,644.50",4463212,"9,093,604,102.20",154293
"03-Apr-2019","EQ","2,004.00","2,032.45","1,997.15","1,995.95","2,008.75","2,013.10","2,019.73","2,052.95","1,644.50",4345772,"8,777,270,099.25",109651
"02-Apr-2019","EQ","1,966.10","2,001.00","1,955.00","1,959.65","1,998.95","1,995.95","1,979.73","2,052.95","1,644.50",3655232,"7,236,387,287.35",159005
"01-Apr-2019","EQ","1,968.10","1,975.00","1,945.05","1,968.25","1,951.00","1,959.65","1,960.06","2,052.95","1,644.50",3328552,"6,524,154,342.30",168073
"29-Mar-2019","EQ","1,950.05","1,972.25","1,936.05","1,944.45","1,964.00","1,968.25","1,956.38","2,052.95","1,644.50",4320179,"8,451,924,565.10",148642
"28-Mar-2019","EQ","1,917.00","1,950.00","1,912.05","1,919.90","1,942.10","1,944.45","1,942.93","2,052.95","1,644.50",6370987,"12,378,364,073.70",151893
"27-Mar-2019","EQ","1,955.55","1,959.00","1,906.00","1,946.30","1,914.10","1,919.90","1,937.71","2,052.95","1,644.50",3076446,"5,961,252,848.45",161822
"26-Mar-2019","EQ","1,950.40","1,953.35","1,930.85","1,945.65","1,948.20","1,946.30","1,944.21","2,052.95","1,644.50",2621669,"5,097,072,924.60",87318
"25-Mar-2019","EQ","1,976.90","1,976.90","1,938.20","1,981.55","1,944.65","1,945.65","1,952.32","2,052.95","1,644.50",3270882,"6,385,799,939.85",107378
"22-Mar-2019","EQ","1,998.00","2,010.00","1,970.60","1,987.55","1,988.00","1,981.55","1,991.26","2,052.95","1,644.50",3560396,"7,089,687,262.65",146667
"20-Mar-2019","EQ","1,975.00","1,998.00","1,968.10","1,967.85","1,985.00","1,987.55","1,984.87","2,052.95","1,644.50",3654200,"7,253,111,543.35",178859
"19-Mar-2019","EQ","1,972.90","1,978.55","1,962.10","1,962.40","1,967.00","1,967.85","1,968.78","2,052.95","1,644.50",2827631,"5,566,984,360.40",145386
"18-Mar-2019","EQ","1,982.00","1,994.95","1,953.10","1,974.65","1,967.00","1,962.40","1,968.65","2,052.95","1,644.50",2563905,"5,047,427,391.65",119652
"15-Mar-2019","EQ","1,960.00","1,991.70","1,955.90","1,956.95","1,976.80","1,974.65","1,972.90","2,052.95","1,644.50",5984639,"11,807,065,600.75",124258
"14-Mar-2019","EQ","1,971.80","1,975.10","1,949.30","1,950.65","1,961.10","1,956.95","1,959.13","2,052.95","1,644.50",3985679,"7,808,476,438.80",117151
"13-Mar-2019","EQ","1,939.00","1,964.40","1,923.40","1,930.00","1,948.20","1,950.65","1,946.93","2,052.95","1,644.50",3570861,"6,952,210,502.45",162285
"12-Mar-2019","EQ","1,914.90","1,936.65","1,900.10","1,897.55","1,926.25","1,930.00","1,915.08","2,052.95","1,644.50",3692761,"7,071,933,067.10",150711
"11-Mar-2019","EQ","1,886.35","1,903.80","1,884.00","1,884.05","1,902.80","1,897.55","1,895.34","2,052.95","1,644.50",3170249,"6,008,696,916.40",96873
"08-Mar-2019","EQ","1,879.00","1,888.00","1,871.10","1,880.20","1,886.30","1,884.05","1,879.97","2,052.95","1,644.50",1845737,"3,469,935,055.10",134127
"07-Mar-2019","EQ","1,892.00","1,892.00","1,865.20","1,885.20","1,879.00","1,880.20","1,878.90","2,052.95","1,644.50",2171462,"4,079,968,475.05",96426
"06-Mar-2019","EQ","1,864.70","1,889.50","1,858.80","1,860.00","1,886.00","1,885.20","1,873.84","2,052.95","1,644.50",1828916,"3,427,100,188.60",86594
"05-Mar-2019","EQ","1,856.80","1,868.40","1,838.55","1,859.45","1,860.05","1,860.00","1,857.20","2,052.95","1,644.50",2256049,"4,189,932,513.45",160247
"01-Mar-2019","EQ","1,850.40","1,863.40","1,838.30","1,841.20","1,859.80","1,859.45","1,851.62","2,052.95","1,644.50",2679223,"4,960,916,150.20",90888
"28-Feb-2019","EQ","1,849.00","1,853.65","1,834.60","1,841.00","1,841.80","1,841.20","1,841.82","2,052.95","1,644.50",5693899,"10,487,153,608.15",140502
"27-Feb-2019","EQ","1,868.00","1,870.00","1,820.00","1,853.65","1,840.50","1,841.00","1,845.85","2,052.95","1,644.50",3412510,"6,298,982,507.45",183158
"26-Feb-2019","EQ","1,874.00","1,894.65","1,850.00","1,894.50","1,856.00","1,853.65","1,865.27","2,052.95","1,644.50",3756159,"7,006,260,639.80",140566
"25-Feb-2019","EQ","1,897.90","1,897.90","1,871.50","1,887.40","1,896.90","1,894.50","1,886.54","2,052.95","1,644.50",2049742,"3,866,926,670.45",114319
"22-Feb-2019","EQ","1,893.95","1,899.00","1,877.50","1,891.45","1,887.00","1,887.40","1,888.58","2,052.95","1,644.50",2461406,"4,648,555,602.75",133440
"21-Feb-2019","EQ","1,871.00","1,894.70","1,865.10","1,870.50","1,890.45","1,891.45","1,881.67","2,052.95","1,644.50",1578842,"2,970,857,306.60",96909
"20-Feb-2019","EQ","1,865.00","1,874.95","1,858.00","1,853.45","1,869.00","1,870.50","1,866.82","2,052.95","1,644.50",2645051,"4,937,838,286.25",150078
"19-Feb-2019","EQ","1,870.00","1,888.50","1,844.25","1,874.85","1,849.25","1,853.45","1,869.81","2,052.95","1,644.50",2988645,"5,588,209,009.45",89942
"18-Feb-2019","EQ","1,877.30","1,893.00","1,864.05","1,874.90","1,873.80","1,874.85","1,874.84","2,052.95","1,644.50",2768637,"5,190,747,351.10",140482
"15-Feb-2019","EQ","1,900.60","1,900.60","1,856.50","1,900.70","1,877.25","1,874.90","1,872.23","2,052.95","1,644.50",2647706,"4,957,113,367.10",145607
"14-Feb-2019","EQ","1,921.00","1,929.25","1,893.85","1,930.50","1,905.45","1,900.70","1,910.35","2,052.95","1,644.50",2511047,"4,796,984,459.40",187582
"13-Feb-2019","EQ","1,907.10","1,943.00","1,907.10","1,905.05","1,920.75","1,930.50","1,928.38","2,052.95","1,644.50",3710809,"7,155,838,347.95",171878
"12-Feb-2019","EQ","1,950.00","1,956.40","1,901.15","1,948.20","1,904.50","1,905.05","1,924.17","2,052.95","1,644.50",2642567,"5,084,754,718.05",142801
"11-Feb-2019","EQ","1,943.90","1,959.00","1,935.60","1,944.65","1,951.25","1,948.20","1,947.12","2,052.95","1,644.50",2209258,"4,301,682,174.90",87814
"08-Feb-2019","EQ","1,963.10","1,968.60","1,936.85","1,969.65","1,939.60","1,944.65","1,956.33","2,052.95","1,644.50",2187808,"4,280,070,128.75",99624
"07-Feb-2019","EQ","1,990.05","1,991.95","1,962.55","1,987.95","1,965.50","1,969.65","1,976.27","2,052.95","1,644.50",2722458,"5,380,318,027.50",117658
"06-Feb-2019","EQ","1,983.60","1,994.90","1,975.50","1,981.40","1,990.00","1,987.95","1,988.96","2,052.95","1,644.50",2036890,"4,051,295,620.55",109932
"05-Feb-2019","EQ","1,979.80","1,985.00","1,962.25","1,978.50","1,980.00","1,981.40","1,974.51","2,052.95","1,644.50",1450509,"2,864,049,975.50",76606
"04-Feb-2019","EQ","1,959.90","1,981.95","1,942.00","1,961.25","1,975.00","1,978.50","1,964.33","2,052.95","1,644.50",1421635,"2,792,555,875.95",116546
"01-Feb-2019","EQ","1,929.00","1,974.45","1,925.10","1,922.35","1,963.70","1,961.25","1,955.77","2,052.95","1,644.50",4867443,"9,519,609,997.05",172934
"31-Jan-2019","EQ","1,883.00","1,941.20","1,877.30","1,885.80","1,919.00","1,922.35","1,909.13","2,052.95","1,644.50",5303839,"10,125,702,140.85",201185
"30-Jan-2019","EQ","1,924.60","1,929.30","1,869.50","1,922.30","1,878.90","1,885.80","1,885.95","2,052.95","1,644.50",4127767,"7,784,782,033.75",186737
"29-Jan-2019","EQ","1,943.70","1,949.90","1,893.30","1,946.90","1,928.50","1,922.30","1,924.99","2,052.95","1,644.50",4035877,"7,769,023,490.25",160916
"28-Jan-2019","EQ","1,978.70","1,982.20","1,938.10","1,977.80","1,951.00","1,946.90","1,953.84","2,052.95","1,644.50",2698966,"5,273,336,602.20",127940
"25-Jan-2019","EQ","1,964.40","1,993.00","1,963.95","1,971.10","1,973.35","1,977.80","1,982.39","2,052.95","1,644.50",2240491,"4,441,521,245.90",86235
"24-Jan-2019","EQ","1,960.00","1,976.00","1,942.15","1,958.25","1,972.50","1,971.10","1,956.37","2,052.95","1,644.50",2194496,"4,293,239,369.05",108308
"23-Jan-2019","EQ","1,981.80","1,984.95","1,951.30","1,979.40","1,957.25","1,958.25","1,963.40","2,052.95","1,644.50",2201110,"4,321,648,906.55",85100
"22-Jan-2019","EQ","1,999.00","2,002.15","1,968.50","2,004.45","1,981.30","1,979.40","1,978.04","2,052.95","1,644.50",3502920,"6,928,912,283.30",139684
"21-Jan-2019","EQ","1,998.00","2,016.00","1,983.20","2,006.85","2,005.00","2,004.45","2,002.93","2,052.95","1,644.50",2146668,"4,299,632,862.25",114048
"18-Jan-2019","EQ","2,004.00","2,012.60","1,989.25","2,004.55","2,000.05","2,006.85","2,001.77","2,052.95","1,644.50",1942136,"3,887,702,736.05",106598
"17-Jan-2019","EQ","1,982.75","2,007.00","1,979.05","1,975.00","2,000.20","2,004.55","1,994.18","2,052.95","1,644.50",2773741,"5,531,346,234.10",114664
"16-Jan-2019","EQ","1,989.00","1,994.75","1,965.50","1,992.15","1,976.90","1,975.00","1,976.96","2,052.95","1,644.50",1878811,"3,714,325,645.30",124051
"15-Jan-2019","EQ","1,975.20","1,996.00","1,964.00","1,969.20","1,988.40","1,992.15","1,982.27","2,052.95","1,644.50",2111042,"4,184,659,567.45",94472
"14-Jan-2019","EQ","1,983.00","1,983.15","1,949.60","1,991.40","1,969.25","1,969.20","1,962.84","2,052.95","1,644.50",2167796,"4,255,031,862.85",121070
"11-Jan-2019","EQ","1,978.00","2,007.70","1,972.40","1,980.10","1,990.25","1,991.40","1,989.68","2,052.95","1,644.50",1814132,"3,609,538,770.25",75412
"10-Jan-2019","EQ","1,993.00","1,993.00","1,971.30","1,994.95","1,976.00","1,980.10","1,980.17","2,052.95","1,644.50",2138302,"4,234,208,052.95",132922
"09-Jan-2019","EQ","1,962.00","1,998.00","1,962.00","1,958.95","1,991.30","1,994.95","1,980.98","2,052.95","1,644.50",2905090,"5,754,927,875.35",140547
"08-Jan-2019","EQ","1,983.00","1,983.00","1,948.00","1,972.90","1,955.85","1,958.95","1,959.50","2,052.95","1,644.50",2061919,"4,040,334,954.40",116508
"07-Jan-2019","EQ","1,976.95","1,987.50","1,963.95","1,972.60","1,974.00","1,972.90","1,975.79","2,052.95","1,644.50",2255477,"4,456,351,475.35",103782
"04-Jan-2019","EQ","1,948.00","1,976.00","1,942.00","1,936.85","1,973.00","1,972.60","1,957.64","2,052.95","1,644.50",2109614,"4,129,866,637.25",109267
"03-Jan-2019","EQ","1,984.05","1,987.10","1,931.85","1,980.65","1,937.00","1,936.85","1,950.27","2,052.95","1,644.50",3732193,"7,278,775,972.00",164907
"02-Jan-2019","EQ","2,004.70","2,009.00","1,961.00","2,009.00","1,983.00","1,980.65","1,984.08","2,052.95","1,644.50",2001170,"3,970,482,598.95",98280
"01-Jan-2019","EQ","1,968.00","2,014.70","1,954.50","1,968.35","2,010.00","2,009.00","1,990.57","2,052.95","1,644.50",1305443,"2,598,578,693.85",38275
"31-Dec-2018","EQ","1,988.00","1,989.75","1,961.55","1,979.95","1,965.00","1,968.35","1,971.07","2,052.95","1,644.50",2289993,"4,513,744,155.75",105787
"28-Dec-2018","EQ","1,959.00","1,990.00","1,952.00","1,948.85","1,978.15","1,979.95","1,981.67","2,052.95","1,644.50",2384400,"4,725,100,595.45",140963
"27-Dec-2018","EQ","1,948.45","1,955.00","1,930.00","1,933.35","1,946.30","1,948.85","1,943.86","2,052.95","1,644.50",1645443,"3,198,517,644.15",91461
"26-Dec-2018","EQ","1,896.00","1,944.70","1,883.20","1,902.15","1,938.00","1,933.35","1,910.40","2,052.95","1,644.50",1536116,"2,934,593,397.45",63129
"24-Dec-2018","EQ","1,955.00","1,955.00","1,898.00","1,948.60","1,906.75","1,902.15","1,925.72","2,052.95","1,644.50",2207727,"4,251,460,895.65",88330
"21-Dec-2018","EQ","1,974.80","1,979.60","1,930.00","1,974.70","1,943.45","1,948.60","1,951.03","2,052.95","1,644.50",4016548,"7,836,386,708.60",191137
"20-Dec-2018","EQ","1,970.00","1,982.00","1,943.05","1,981.70","1,977.00","1,974.70","1,960.03","2,052.95","1,644.50",1829220,"3,585,325,809.40",151633
"19-Dec-2018","EQ","1,954.00","1,985.50","1,948.55","1,952.00","1,979.80","1,981.70","1,973.76","2,052.95","1,644.50",2560551,"5,053,920,392.25",146398
"18-Dec-2018","EQ","1,955.00","1,957.90","1,932.50","1,960.35","1,949.05","1,952.00","1,943.92","2,052.95","1,644.50",2121103,"4,123,250,667.90",121417
"17-Dec-2018","EQ","1,915.00","1,963.40","1,913.70","1,904.10","1,963.00","1,960.35","1,942.90","2,052.95","1,644.50",2030693,"3,945,440,884.15",142060
"14-Dec-2018","EQ","1,945.00","1,955.00","1,898.05","1,942.05","1,909.60","1,904.10","1,913.13","2,052.95","1,644.50",3459751,"6,618,938,927.45",190423
"13-Dec-2018","EQ","1,945.00","1,961.90","1,927.90","1,940.20","1,941.45","1,942.05","1,943.93","2,052.95","1,644.50",2778618,"5,401,435,649.40",124486
"12-Dec-2018","EQ","1,912.00","1,946.80","1,904.25","1,905.25","1,937.00","1,940.20","1,923.88","2,052.95","1,644.50",2228690,"4,287,726,415.85",115636
"11-Dec-2018","EQ","1,878.00","1,912.65","1,855.25","1,906.50","1,904.00","1,905.25","1,885.14","2,052.95","1,644.50",3547051,"6,686,687,465.05",141366
"10-Dec-2018","EQ","1,924.35","1,939.90","1,901.25","1,951.35","1,905.00","1,906.50","1,917.18","2,052.95","1,644.50",2182278,"4,183,810,288.35",138973
"07-Dec-2018","EQ","1,946.90","1,961.30","1,929.10","1,945.80","1,957.95","1,951.35","1,943.81","2,052.95","1,640.85",2442617,"4,747,986,108.05",130686
"06-Dec-2018","EQ","1,955.05","1,969.80","1,938.00","1,973.30","1,941.00","1,945.80","1,960.13","2,052.95","1,640.85",4278616,"8,386,649,194.55",128460
"05-Dec-2018","EQ","1,927.00","1,979.80","1,920.60","1,939.45","1,970.50","1,973.30","1,952.48","2,052.95","1,640.85",3147110,"6,144,670,637.35",185824
"04-Dec-2018","EQ","1,980.00","1,980.00","1,917.70","1,980.75","1,942.85","1,939.45","1,937.54","2,052.95","1,640.85",3914521,"7,584,540,490.05",231528
"03-Dec-2018","EQ","2,000.15","2,017.00","1,955.00","1,989.00","1,976.40","1,980.75","1,989.66","2,052.95","1,640.85",3249616,"6,465,621,633.25",158261
"30-Nov-2018","EQ","1,970.00","1,998.75","1,962.80","1,956.30","1,992.00","1,989.00","1,982.42","2,052.95","1,640.85",4236401,"8,398,310,078.45",182921
"29-Nov-2018","EQ","1,940.00","1,965.00","1,935.00","1,928.00","1,964.50","1,956.30","1,949.63","2,052.95","1,640.85",3832797,"7,472,535,075.45",185723
"28-Nov-2018","EQ","1,909.00","1,930.90","1,907.15","1,901.70","1,924.00","1,928.00","1,920.81","2,052.95","1,640.85",3140874,"6,033,026,709.65",133783
"27-Nov-2018","EQ","1,884.65","1,908.80","1,870.00","1,884.65","1,903.00","1,901.70","1,892.65","2,052.95","1,640.85",2486736,"4,706,531,403.25",113255
"26-Nov-2018","EQ","1,883.90","1,891.30","1,869.00","1,873.70","1,884.50","1,884.65","1,882.83","2,052.95","1,640.85",2375787,"4,473,205,406.85",98126
"22-Nov-2018","EQ","1,872.00","1,889.20","1,866.65","1,868.15","1,874.70","1,873.70","1,880.34","2,052.95","1,640.85",1646774,"3,096,502,403.30",91847
"21-Nov-2018","EQ","1,877.10","1,891.25","1,864.00","1,876.80","1,872.15","1,868.15","1,873.76","2,052.95","1,640.85",2394930,"4,487,524,595.75",115206
"20-Nov-2018","EQ","1,890.00","1,904.00","1,872.05","1,899.35","1,878.80","1,876.80","1,882.93","2,052.95","1,640.85",2123458,"3,998,328,204.35",95605
"19-Nov-2018","EQ","1,899.95","1,906.95","1,872.80","1,889.00","1,893.20","1,899.35","1,891.81","2,052.95","1,640.85",2675368,"5,061,275,694.20",82780
"16-Nov-2018","EQ","1,861.00","1,892.90","1,850.00","1,853.60","1,884.05","1,889.00","1,878.88","2,052.95","1,640.85",2925841,"5,497,308,317.10",90260
"15-Nov-2018","EQ","1,837.00","1,858.00","1,824.20","1,839.15","1,849.00","1,853.60","1,844.57","2,052.95","1,640.85",1666149,"3,073,335,849.55",95824
"14-Nov-2018","EQ","1,836.00","1,850.00","1,830.25","1,824.70","1,838.00","1,839.15","1,840.11","2,052.95","1,640.85",2899132,"5,334,731,215.40",130092
"13-Nov-2018","EQ","1,790.00","1,829.00","1,784.55","1,795.90","1,825.00","1,824.70","1,807.92","2,052.95","1,640.85",1812035,"3,276,011,950.25",86483
"12-Nov-2018","EQ","1,817.10","1,838.45","1,789.35","1,816.10","1,797.00","1,795.90","1,810.69","2,052.95","1,640.85",2020191,"3,657,943,704.25",95814
"09-Nov-2018","EQ","1,820.00","1,832.70","1,780.00","1,815.85","1,824.95","1,816.10","1,813.72","2,052.95","1,640.85",4002556,"7,259,531,817.75",199401
"07-Nov-2018","EQ","1,813.55","1,819.00","1,807.65","1,805.90","1,812.60","1,815.85","1,815.07","2,052.95","1,640.85",124505,"225,984,901.25",5664
"06-Nov-2018","EQ","1,801.40","1,814.00","1,783.10","1,792.90","1,802.00","1,805.90","1,799.53","2,052.95","1,640.85",2033692,"3,659,680,900.45",94553
"05-Nov-2018","EQ","1,811.25","1,824.40","1,773.35","1,824.40","1,798.90","1,792.90","1,794.02","2,052.95","1,640.85",3291569,"5,905,141,686.70",189576
"02-Nov-2018","EQ","1,790.00","1,836.90","1,765.50","1,762.00","1,820.00","1,824.40","1,806.70","2,052.95","1,640.85",3701701,"6,687,861,371.95",187813
"01-Nov-2018","EQ","1,776.80","1,794.90","1,748.25","1,769.25","1,762.00","1,762.00","1,764.01","2,052.95","1,640.85",5142502,"9,071,412,450.25",192929
"31-Oct-2018","EQ","1,678.00","1,774.50","1,677.10","1,671.90","1,767.20","1,769.25","1,736.64","2,052.95","1,640.85",6450539,"11,202,270,723.85",197956
"30-Oct-2018","EQ","1,703.00","1,710.00","1,663.20","1,698.40","1,671.05","1,671.90","1,680.37","2,052.95","1,640.85",2073955,"3,485,008,960.80",154424
"29-Oct-2018","EQ","1,705.00","1,710.00","1,653.05","1,702.10","1,706.00","1,698.40","1,679.92","2,052.95","1,640.85",5326330,"8,947,827,838.95",172741
"26-Oct-2018","EQ","1,694.00","1,719.85","1,675.50","1,694.45","1,700.35","1,702.10","1,700.89","2,052.95","1,638.00",2780124,"4,728,678,514.45",139117
"25-Oct-2018","EQ","1,729.75","1,740.00","1,685.05","1,741.45","1,706.75","1,694.45","1,706.96","2,052.95","1,638.00",4435395,"7,571,059,802.70",172747
"24-Oct-2018","EQ","1,715.00","1,748.50","1,706.60","1,686.75","1,747.95","1,741.45","1,724.61","2,052.95","1,638.00",3598576,"6,206,140,942.35",131691
"23-Oct-2018","EQ","1,645.00","1,710.00","1,644.50","1,658.30","1,692.05","1,686.75","1,691.14","2,052.95","1,638.00",3734275,"6,315,196,738.35",138081
"22-Oct-2018","EQ","1,683.90","1,689.70","1,649.45","1,660.25","1,663.00","1,658.30","1,669.93","2,052.95","1,638.00",4632839,"7,736,537,334.70",180278
"19-Oct-2018","EQ","1,725.00","1,760.95","1,651.70","1,737.80","1,665.00","1,660.25","1,697.79","2,052.95","1,638.00",5363667,"9,106,364,225.45",192993
"17-Oct-2018","EQ","1,772.00","1,775.00","1,729.50","1,756.25","1,748.00","1,737.80","1,750.30","2,052.95","1,638.00",3584746,"6,274,373,182.90",115536
"16-Oct-2018","EQ","1,735.00","1,773.70","1,713.15","1,732.90","1,756.25","1,756.25","1,758.43","2,052.95","1,638.00",3427228,"6,026,541,875.25",115235
"15-Oct-2018","EQ","1,755.00","1,765.50","1,703.65","1,730.30","1,732.00","1,732.90","1,732.64","2,052.95","1,638.00",2996773,"5,192,334,582.90",108023
"12-Oct-2018","EQ","1,705.90","1,741.50","1,694.50","1,684.55","1,735.85","1,730.30","1,727.12","2,052.95","1,638.00",2731113,"4,716,964,011.65",118319
"11-Oct-2018","EQ","1,690.00","1,724.10","1,675.70","1,736.95","1,684.00","1,684.55","1,691.26","2,052.95","1,638.00",3267234,"5,525,741,995.90",175217
"10-Oct-2018","EQ","1,717.40","1,768.00","1,716.65","1,712.75","1,738.90","1,736.95","1,742.06","2,052.95","1,638.00",2358736,"4,109,055,954.20",150782
"09-Oct-2018","EQ","1,682.70","1,734.00","1,671.60","1,667.70","1,707.35","1,712.75","1,716.64","2,052.95","1,638.00",3082730,"5,291,937,259.30",162309
"08-Oct-2018","EQ","1,695.80","1,708.55","1,646.55","1,708.65","1,676.00","1,667.70","1,677.58","2,052.95","1,638.00",4939555,"8,286,484,993.20",257778
"05-Oct-2018","EQ","1,768.70","1,775.00","1,683.75","1,778.45","1,685.00","1,708.65","1,733.69","2,052.95","1,638.00",4109132,"7,123,961,168.50",109769
"04-Oct-2018","EQ","1,780.00","1,797.95","1,742.35","1,797.55","1,775.00","1,778.45","1,765.74","2,052.95","1,638.00",4280606,"7,558,424,362.55",127596
"03-Oct-2018","EQ","1,804.80","1,819.45","1,785.65","1,806.35","1,801.35","1,797.55","1,803.62","2,052.95","1,638.00",3808517,"6,869,120,220.05",144249
"01-Oct-2018","EQ","1,765.70","1,817.10","1,753.10","1,754.50","1,815.00","1,806.35","1,781.73","2,052.95","1,638.00",2700216,"4,811,048,087.20",133818
"28-Sep-2018","EQ","1,742.00","1,773.50","1,736.00","1,729.00","1,750.00","1,754.50","1,758.62","2,052.95","1,638.00",6882950,"12,104,495,891.10",192453
"27-Sep-2018","EQ","1,767.15","1,768.75","1,726.15","1,767.45","1,730.00","1,729.00","1,734.79","2,052.95","1,638.00",5971180,"10,358,750,687.05",186455
"26-Sep-2018","EQ","1,783.60","1,806.30","1,756.10","1,773.35","1,759.00","1,767.45","1,772.93","2,052.95","1,638.00",4044415,"7,170,471,967.85",170572
"25-Sep-2018","EQ","1,728.80","1,784.00","1,713.80","1,718.70","1,773.35","1,773.35","1,746.38","2,052.95","1,638.00",7202463,"12,578,201,583.55",274555
"24-Sep-2018","EQ","1,839.00","1,846.25","1,702.80","1,839.40","1,724.00","1,718.70","1,752.33","2,052.95","1,638.00",9026730,"15,817,833,453.70",312842
"21-Sep-2018","EQ","1,835.65","1,875.00","1,783.00","1,830.65","1,839.40","1,839.40","1,836.62","2,052.95","1,638.00",6425727,"11,801,612,980.00",216230
"19-Sep-2018","EQ","1,860.40","1,864.00","1,824.15","1,855.70","1,833.20","1,830.65","1,841.25","2,052.95","1,638.00",4046901,"7,451,372,379.15",131149
"18-Sep-2018","EQ","1,877.25","1,888.75","1,847.05","1,878.85","1,850.00","1,855.70","1,870.41","2,052.95","1,638.00",2905388,"5,434,266,976.10",88448
"17-Sep-2018","EQ","1,910.00","1,910.00","1,871.00","1,925.45","1,877.45","1,878.85","1,884.45","2,052.95","1,638.00",2164001,"4,077,952,902.80",95396
"14-Sep-2018","EQ","1,892.00","1,928.95","1,882.10","1,877.80","1,920.00","1,925.45","1,909.27","2,052.95","1,638.00",3521562,"6,723,627,966.90",144854
"12-Sep-2018","EQ","1,878.90","1,886.75","1,856.55","1,868.05","1,884.75","1,877.80","1,873.37","2,052.95","1,638.00",2641076,"4,947,710,467.40",137553
"11-Sep-2018","EQ","1,890.00","1,892.55","1,860.45","1,883.55","1,872.00","1,868.05","1,867.02","2,052.95","1,638.00",4062178,"7,584,174,701.05",131873
"10-Sep-2018","EQ","1,915.00","1,916.00","1,878.25","1,920.00","1,880.20","1,883.55","1,891.11","2,052.95","1,638.00",2191420,"4,144,226,654.95",106851
"07-Sep-2018","EQ","1,963.50","1,963.50","1,915.05","1,956.15","1,922.90","1,920.00","1,932.77","2,052.95","1,638.00",2253314,"4,355,147,171.35",101307
"06-Sep-2018","EQ","1,949.00","1,960.60","1,928.45","1,937.40","1,953.80","1,956.15","1,945.23","2,052.95","1,638.00",4311847,"8,387,523,321.25",129013
"05-Sep-2018","EQ","1,950.00","1,965.00","1,923.05","1,954.80","1,931.60","1,937.40","1,939.78","2,052.95","1,638.00",3587932,"6,959,797,313.25",129547
"04-Sep-2018","EQ","1,939.00","1,959.65","1,939.00","1,944.80","1,950.75","1,954.80","1,952.12","2,052.95","1,638.00",2928533,"5,716,834,403.55",133601
"03-Sep-2018","EQ","1,950.00","1,950.00","1,928.10","1,935.95","1,943.00","1,944.80","1,939.87","2,052.95","1,638.00",2310201,"4,481,480,074.20",106865
"31-Aug-2018","EQ","1,940.90","1,942.45","1,908.05","1,934.15","1,940.85","1,935.95","1,925.82","2,052.95","1,638.00",3856093,"7,426,153,067.50",152636
"30-Aug-2018","EQ","1,950.00","1,964.45","1,928.25","1,956.25","1,933.00","1,934.15","1,938.39","2,052.95","1,638.00",2466442,"4,780,934,933.15",89377
"29-Aug-2018","EQ","1,959.40","1,971.40","1,944.70","1,955.15","1,949.00","1,956.25","1,958.79","2,052.95","1,638.00",2367281,"4,636,999,492.95",106131